{
  "controller/App.controller.js.map": 1697173019120,
  "controller/App.controller.js": 1697172749678,
  "controller/View.controller.js": 1697172749686,
  "model/models.js": 1697172749678,
  "manifest.json": 1697173018909,
  "Component.js": 1697172749670,
  "controller/App-dbg.controller.js": 1697172749678,
  "i18n/i18n.properties": 1697172749674,
  "controller/View-dbg.controller.js": 1697172749686,
  "controller/View.controller.js.map": 1697173019106,
  "model/models-dbg.js": 1697172749678,
  "model/models.js.map": 1697173019117,
  "Component-dbg.js": 1697172749670,
  "Component.js.map": 1697173019107,
  "Component-preload.js": 1697173019233,
  "Component-preload.js.map": 1697173019233,
  "view/View.view.xml": 1697172749682,
  "view/App.view.xml": 1697172749682,
  "css/style.css": 1697172749678,
  "index.html": 1697172749674
}